payment_id,order_id,payment_method,amount,payment_date
1,1,UPI,79999.0,2025-04-01
2,2,Card,798.0,2025-04-02
3,3,UPI,4999.0,2025-04-03
4,4,Net Banking,3499.0,2025-04-04
5,5,Card,69999.0,2025-04-05
6,6,UPI,1497.0,2025-04-05
7,7,Card,2999.0,2025-04-06
8,8,UPI,3998.0,2025-04-07
9,9,Wallet,2499.0,2025-04-08
10,10,UPI,1196.0,2025-04-08
11,11,Card,79999.0,2025-04-09
12,12,UPI,2598.0,2025-04-10
13,13,Card,1499.0,2025-04-11
14,14,Wallet,1998.0,2025-04-12
15,15,UPI,5999.0,2025-04-13
16,16,Card,399.0,2025-04-14
17,17,UPI,69999.0,2025-04-15
18,18,Card,2397.0,2025-04-16
19,19,UPI,9998.0,2025-04-17
20,20,Net Banking,3499.0,2025-04-18
